Name,Term,ES,nes,NOM p-val,fdr,FWER p-val,Tag %,Gene %,Lead_genes,Gene_Set,Direction,abs_nes
prerank,Apoptosis,-0.5017488602121112,-0.9989220365981836,0.4747191011235955,0.8181684915458598,1.0,40/154,11.85%,Slc20a1;Hgf;Gsn;Erbb3;Pak1;Rara;Casp1;Lef1;Gna15;Smad7;Cd44;Plcb2;Satb1;Timp2;Casp8;Bmf;Dcn;Sat1;App;Birc3;Casp4;Cav1;Clu;Emp1;Ccnd1;Cdc25b;Casp7;Cdk2;Cyld;Txnip;Mgmt;Pdgfrb;Rnasel;Bcl10;Il1a;Ifngr1;Cd38;Ier3;Tnfsf10;Il18,MSigDB_Hallmark_2020,Down,0.9989220365981836
prerank,Autophagy,-0.4519570678693811,-0.8865550525432305,0.6775106082036775,0.884866057551507,1.0,17/128,11.06%,Prkcq;Pik3r1;Sh3glb1;Bcl2;Deptor;Ctsd;Prkaa2;Prkcd;Vmp1;Pik3cd;Rubcn;Mapk8;Lamp2;Atg16l2;Lamp1;Ulk2;Pik3ca,KEGG_2019_Mouse,Down,0.8865550525432305
prerank,Necroptosis,-0.501256684817201,-0.9553452794760849,0.5586107091172214,0.900047648048695,1.0,25/116,11.16%,Camk2d;Stat5b;Bcl2;Parp4;Pla2g4a;Glul;Casp1;Casp8;Birc3;Pla2g4c;Capn2;Eif2ak2;Stat6;Jak2;Tlr3;Cyld;Mapk8;Traf5;Stat5a;Il1a;Ifngr1;Nlrp3;Tnfaip3;Fasl;Glud1,KEGG_2019_Mouse,Down,0.9553452794760849
prerank,Diseases Of Programmed Cell Death R-HSA-9645723,0.6535211907536317,1.259574189663105,0.1556195965417868,0.9520756882716042,1.0,3/57,3.93%,Erc2;Jun;Cdk5r1,Reactome_2022,Up,1.259574189663105
prerank,"Cell Death Signaling Via NRAGE, NRIF And NADE R-HSA-204998",0.6262690366093915,1.260910051451134,0.1258503401360544,0.9580965595158764,1.0,10/73,1.48%,Kalrn;Tiam1;Plekhg5;Vav3;Rasgrf2;Abr;Itsn1;Arhgef9;Fgd4;Arhgef4,Reactome_2022,Up,1.260910051451134
prerank,Ferroptosis,-0.6899330003155648,-1.142994444104787,0.3132183908045977,0.9639715777254219,1.0,5/38,5.08%,Trf;Slc7a11;Acsl3;Cp;Sat1,KEGG_2019_Mouse,Down,1.142994444104787
prerank,Apoptotic Mitochondrial Changes (GO:0008637),-0.5213244375039698,-0.8518491075485294,0.7019374068554396,0.979036873177055,1.0,3/32,2.62%,Erbb4;Bcl2;Hk2,GO_Biological_Process_2023,Down,0.8518491075485294
prerank,Negative Regulation Of Extrinsic Apoptotic Signaling Pathway Via Death Domain Receptors (GO:1902042),-0.534181112450859,-0.8539948699913602,0.6997126436781609,0.9792747739911082,1.0,4/20,10.90%,Rffl;Tmbim1;Tnfaip3;Bmp5,GO_Biological_Process_2023,Down,0.8539948699913602
prerank,Positive Regulation Of Programmed Cell Death (GO:0043068),-0.4183585090099629,-0.8534349823658784,0.7556742323097463,0.9794781555125586,1.0,32/219,8.85%,Rassf2;Nrg1;Lats2;Septin4;Bcl2;Unc13b;Tnfaip8;Cradd;Hip1r;Laptm5;Dusp6;Nf1;Htra1;Bmp4;Pip5kl1;Ctsd;Phlda1;Sox4;Prmt2;Casp8;Bmf;Lrrk2;Itga6;Fank1;E2f1;Clu;Dab2ip;Syk;Itgb1;Mapk8;Aifm2;Bcl10,GO_Biological_Process_2023,Down,0.8534349823658784
prerank,Negative Regulation Of Oxidative Stress-Induced Intrinsic Apoptotic Signaling Pathway (GO:1902176),-0.5432426653083455,-0.8486462800385803,0.7039764359351989,0.9797818815425471,1.0,1/15,7.21%,Nfe2l2,GO_Biological_Process_2023,Down,0.8486462800385803
prerank,Regulation Of Autophagy Of Mitochondrion (GO:1903146),-0.638148524767485,-0.9980387881332307,0.5290611028315947,0.9801172989725323,1.0,2/19,6.84%,Srebf2;Fbxo7,GO_Biological_Process_2023,Down,0.9980387881332307
prerank,Activation Of Cysteine-Type Endopeptidase Activity Involved In Apoptotic Process (GO:0006919),-0.4018967426954549,-0.7097798376600214,0.9016152716593245,0.9803658140774251,1.0,9/60,9.90%,Hip1;Cradd;Hip1r;Laptm5;Robo1;Casp8;Jak2;Pparg;Mapt,GO_Biological_Process_2023,Down,0.7097798376600214
prerank,Intrinsic Apoptotic Signaling Pathway In Response To Endoplasmic Reticulum Stress (GO:0070059),-0.475824842030895,-0.7826373900975531,0.791907514450867,0.9806882996105141,1.0,3/27,6.86%,Bcl2;Casp4;Dab2ip,GO_Biological_Process_2023,Down,0.7826373900975531
prerank,Regulation Of Apoptotic Signaling Pathway (GO:2001233),-0.642419617755015,-1.085528441814339,0.3862275449101796,0.9834321552687552,1.0,10/42,8.27%,Bcl2;Deptor;Cradd;Cx3cr1;Nr4a2;Ctss;Ctsh;Tmbim1;Dab2ip;Cyld,GO_Biological_Process_2023,Down,1.085528441814339
prerank,Intrinsic Apoptotic Signaling Pathway In Response To DNA Damage (GO:0008630),-0.6408849650562779,-1.087092286992149,0.3653846153846154,0.9838382691881327,1.0,5/45,6.16%,Bcl2;Tnfrsf1b;Hipk2;Dyrk2;E2f1,GO_Biological_Process_2023,Down,1.087092286992149
prerank,Autophagy Of Nucleus (GO:0044804),-0.5066087266690197,-0.7923517999936497,0.7724039829302988,0.9842557870761263,1.0,2/18,10.90%,Snx33;Ulk2,GO_Biological_Process_2023,Down,0.7923517999936497
prerank,Positive Regulation Of Epithelial Cell Apoptotic Process (GO:1904037),-0.4800626398928854,-0.7577136416953899,0.8043478260869565,0.9851526803834333,1.0,6/20,13.97%,Gsn;Rgcc;Sfrp4;Pla2r1;Ecscr;Gper1,GO_Biological_Process_2023,Down,0.7577136416953899
prerank,Intrinsic Apoptotic Signaling Pathway (GO:0097193),0.356349379437907,0.7304721601071456,0.9693251533742331,0.9858919326630766,1.0,13/91,8.12%,Ppp1r13b;Scn2a;Tmem117;Fnip2;Itpr1;Cul5;Ddx5;Qrich1;Map3k5;Cul1;Cebpb;Arl6ip5;Aifm1,GO_Biological_Process_2023,Up,0.7304721601071456
prerank,Regulation Of Autophagy (GO:0010506),-0.3742329458353243,-0.7680979379049608,0.927027027027027,0.9861188286672019,1.0,32/220,12.17%,Sh3glb1;Optn;Bcl2;Met;Il10ra;Hgf;Rnf152;Sh3bp4;Tfeb;Prkaa2;Srebf2;Bmf;Dcn;Lrrk2;Mapk15;Pip4k2a;Plk2;Trim5;Dram1;Atp6v1b1;Nupr1;Rubcn;Mapk8;Mapt;Zc3h12a;Sirt2;Pip4k2c;Ulk2;Pik3c2a;Stk38l;Trem2;Ticam1,GO_Biological_Process_2023,Down,0.7680979379049608
prerank,Autophagy Of Mitochondrion (GO:0000422),-0.3916715343150373,-0.6727757392648847,0.9315866084425036,0.9868478658477828,1.0,4/46,11.16%,Snx33;Fbxo7;Fbxl4;Rimoc1,GO_Biological_Process_2023,Down,0.6727757392648847
prerank,Selective Autophagy (GO:0061912),-0.4744086704826767,-0.829093019836968,0.7387387387387387,0.9873645769726292,1.0,7/55,11.16%,Lgals8;Tgfb1;Snx33;Sting1;Stbd1;Ulk2;Rimoc1,GO_Biological_Process_2023,Down,0.829093019836968
prerank,Regulation Of Neuron Apoptotic Process (GO:0043523),-0.4094553511603835,-0.7713335931399501,0.8733997155049786,0.9874043279238657,1.0,16/102,4.77%,Mag;Tyro3;Bcl2;Ngf;Sema3e;Unc5b;Erbb3;Lgmn;Nrbp2;Apoe;Nf1;Grid2;Grm4;Egr1;Prkcg;Ndnf,GO_Biological_Process_2023,Down,0.7713335931399501
prerank,Regulation Of Programmed Cell Death (GO:0043067),-0.37693229760533,-0.7522721399465301,0.9170182841068917,0.9874208001362668,1.0,17/168,11.16%,Alk;Septin4;Hip1;Bmp4;Lrrk2;Birc3;Fank1;Sgk1;Clu;Asah1;Sox9;Wfs1;Htatip2;Oma1;Gas1;Cryab;Rtn4,GO_Biological_Process_2023,Down,0.7522721399465301
prerank,Macroautophagy (GO:0016236),-0.3476661656133309,-0.6421131050106694,0.9790794979079498,0.9893238734519451,1.0,13/98,18.15%,Tgfb1;Pip4k2a;Stam2;Tom1;Lamp2;Atg16l2;Tcirg1;Mtmr14;Atp13a2;Spg11;Snx14;Map1lc3a;Vamp8,GO_Biological_Process_2023,Down,0.6421131050106694
prerank,Negative Regulation Of Neuron Death (GO:1901215),-0.4333878057521873,-0.8039623290768688,0.7968299711815562,0.9898506247841349,1.0,15/84,6.84%,Mag;Tyro3;Bcl2;Ngf;Sema3e;Unc5b;Erbb3;Lgmn;Nrbp2;Apoe;Tnfrsf1b;Prkcg;Ndnf;Clu;Fbxo7,GO_Biological_Process_2023,Down,0.8039623290768688
prerank,Regulation Of Macroautophagy (GO:0016241),-0.5198275551753316,-0.9701027078624789,0.5511695906432749,0.9902415207214145,1.0,8/89,8.40%,Sh3glb1;Nrbp2;Prkaa2;Dcn;Lrrk2;Sting1;Atp6v1b1;Mapk8,GO_Biological_Process_2023,Down,0.9701027078624789
prerank,Apoptosis,-0.5895160239348227,-1.151496511721927,0.2324246771879483,0.9928480555243856,1.0,20/136,8.58%,Itpr2;Pik3r1;Bcl2;Parp4;Ngf;Ctsd;Ctss;Ctsh;Casp8;Ctsc;Birc3;Capn2;Ctsz;Pik3cd;Dab2ip;Csf2rb2;Casp7;Bcl2a1b;Mapk8;Ptpn13,KEGG_2019_Mouse,Down,1.151496511721927
prerank,Regulation Of Extrinsic Apoptotic Signaling Pathway Via Death Domain Receptors (GO:1902041),-0.5381192333512625,-0.8815672900262179,0.6735294117647059,0.9938569477047386,1.0,11/27,23.35%,Rffl;Tmbim1;Tmc8;Tnfaip3;Bmp5;Serpine1;Sp100;Icam1;Sfrp1;Pmaip1;Cflar,GO_Biological_Process_2023,Down,0.8815672900262179
prerank,Apoptotic Cell Clearance (GO:0043277),-0.6801479342828887,-1.092398478582703,0.3954887218045113,0.9942108255276773,1.0,8/25,13.14%,Megf10;Tyro3;Rara;Lrp1;Tyrobp;Gas6;Trem2;Itgb3,GO_Biological_Process_2023,Down,1.092398478582703
prerank,Intrinsic Apoptotic Signaling Pathway In Response To DNA Damage By P53 Class Mediator (GO:0042771),-0.6183340936893869,-0.9516209817473248,0.5942028985507246,0.9952925347676237,1.0,5/16,17.89%,Hipk2;Dyrk2;Phlda3;Usp28;Ep300,GO_Biological_Process_2023,Down,0.9516209817473248
prerank,Negative Regulation Of Cysteine-Type Endopeptidase Activity Involved In Apoptotic Process (GO:0043154),-0.524174878078082,-0.8845002024231179,0.6595744680851063,0.9970923580877861,1.0,7/42,10.02%,Sh3rf1;Hgf;Rffl;Cd44;Vegfa;Dhcr24;Gas6,GO_Biological_Process_2023,Down,0.8845002024231179
prerank,Regulation Of Endoplasmic Reticulum Stress-Induced Intrinsic Apoptotic Signaling Pathway (GO:1902235),-0.3790526708579983,-0.6027300531826064,0.9505813953488372,0.9970932231277433,1.0,4/23,13.55%,Lrrk2;Ptpn1;Txndc12;Eif2ak3,GO_Biological_Process_2023,Down,0.6027300531826064
prerank,Negative Regulation Of Neuron Apoptotic Process (GO:0043524),-0.5093412175032317,-0.9181821263617923,0.6336779911373708,0.9974874440002799,1.0,13/71,4.77%,Mag;Tyro3;Bcl2;Ngf;Sema3e;Unc5b;Erbb3;Lgmn;Nrbp2;Cx3cr1;Apoe;Prkcg;Ndnf,GO_Biological_Process_2023,Down,0.9181821263617923
prerank,Negative Regulation Of Autophagy (GO:0010507),-0.5292779991359106,-0.9254546013191136,0.6296296296296297,0.9992067386065261,1.0,13/58,11.89%,Bcl2;Met;Il10ra;Hgf;Nrbp2;Bmf;Lrrk2;Nupr1;Rubcn;Sirt2;Pik3ca;Stk38l;Trem2,GO_Biological_Process_2023,Down,0.9254546013191136
prerank,Extrinsic Apoptotic Signaling Pathway In Absence Of Ligand (GO:0097192),-0.9362034984734919,-1.440391787520625,0.005657708628005658,1.0,1.0,2/15,2.53%,Bcl2;Erbb3,GO_Biological_Process_2023,Down,1.440391787520625
prerank,Extrinsic Apoptotic Signaling Pathway Via Death Domain Receptors (GO:0008625),-0.8381549187345295,-1.346441577746882,0.05555555555555555,1.0,1.0,6/25,6.86%,Bcl2;Ngf;Cradd;Spi1;Casp8;Dab2ip,GO_Biological_Process_2023,Down,1.346441577746882
prerank,Negative Regulation Of Apoptotic Signaling Pathway (GO:2001234),-0.7292953592301028,-1.338936484523483,0.06973293768545995,1.0,1.0,13/78,6.62%,Tcf7l2;Sh3rf1;Bcl2;Hgf;Igf1;Rtkn2;Cx3cr1;Nr4a2;Bmp4;Itga6;Asah2;Clu;Tmbim1,GO_Biological_Process_2023,Down,1.338936484523483
prerank,Negative Regulation Of Extrinsic Apoptotic Signaling Pathway (GO:2001237),-0.7464057980650001,-1.325019931567966,0.0634441087613293,1.0,1.0,10/64,6.62%,Tcf7l2;Sh3rf1;Bcl2;Unc5b;Igf1;Rffl;Eya4;Bmp4;Itga6;Tmbim1,GO_Biological_Process_2023,Down,1.325019931567966
prerank,FOXO-mediated Transcription Of Cell Death Genes R-HSA-9614657,0.8532462092544706,1.323456954714438,0.1587837837837838,1.0,1.0,2/15,1.89%,Foxo1;Bcl6,Reactome_2022,Up,1.323456954714438
prerank,Extrinsic Apoptotic Signaling Pathway (GO:0097191),-0.7394463283480535,-1.294675868920095,0.08608321377331421,1.0,1.0,12/60,6.99%,Bcl2;P2rx7;Ngf;Fgfr3;Erbb3;Cradd;Tnfrsf1b;Casp8;Tgfb1;Dab2ip;Jak2;Tlr3,GO_Biological_Process_2023,Down,1.294675868920095
prerank,Defective Intrinsic Pathway For Apoptosis R-HSA-9734009,0.7647778080688693,1.28711696039383,0.1836065573770492,1.0,1.0,3/22,3.93%,Erc2;Jun;Cdk5r1,Reactome_2022,Up,1.28711696039383
prerank,Positive Regulation Of Neuron Death (GO:1901216),0.7264536233261627,1.285281010496838,0.1779141104294479,1.0,1.0,3/33,0.65%,Grin2b;Epha7;Snca,GO_Biological_Process_2023,Up,1.285281010496838
prerank,Negative Regulation Of Extrinsic Apoptotic Signaling Pathway In Absence Of Ligand (GO:2001240),-0.8092954389305288,-1.282069530989381,0.1509695290858726,1.0,1.0,3/20,3.69%,Bcl2;Unc5b;Eya4,GO_Biological_Process_2023,Down,1.282069530989381
prerank,Negative Regulation Of Endothelial Cell Apoptotic Process (GO:2000352),0.7551152374171273,1.279786179658579,0.1791530944625407,1.0,1.0,2/24,2.25%,Sema5a;Tnip2,GO_Biological_Process_2023,Up,1.279786179658579
prerank,Neuron Apoptotic Process (GO:0051402),-0.8192491058243241,-1.278285385866172,0.1490312965722802,1.0,1.0,3/17,2.53%,Cit;Bcl2;Erbb3,GO_Biological_Process_2023,Down,1.278285385866172
prerank,Positive Regulation Of Macroautophagy (GO:0016239),-0.7104318996246808,-1.261671420451119,0.151424287856072,1.0,1.0,14/60,12.22%,Sh3glb1;Optn;Prkaa2;Dcn;Pip4k2a;Snx33;Sptlc2;Tom1;Sting1;Ralb;Lrsam1;Bag3;Pip4k2c;Rufy4,GO_Biological_Process_2023,Down,1.261671420451119
prerank,Regulation Of Extrinsic Apoptotic Signaling Pathway In Absence Of Ligand (GO:2001239),-0.7722227689175106,-1.245593505607376,0.1801418439716312,1.0,1.0,6/25,12.30%,Bcl2;Unc5b;Eya4;Ret;Il1a;Eya2,GO_Biological_Process_2023,Down,1.245593505607376
prerank,Regulation Of Extrinsic Apoptotic Signaling Pathway (GO:2001236),-0.7080038624245515,-1.238640630559686,0.1613876319758673,1.0,1.0,17/58,14.10%,Tcf7l2;Sh3rf1;Deptor;Igf1;Bmp4;Itga6;Ltbr;Cav1;Wwox;Cyld;Bcl10;Tmc8;Tnfsf10;G0s2;Bid;Gper1;Ltb,GO_Biological_Process_2023,Down,1.238640630559686
prerank,Negative Regulation Of Intrinsic Apoptotic Signaling Pathway By P53 Class Mediator (GO:1902254),-0.7984527641426362,-1.23510836985235,0.1889985895627645,1.0,1.0,4/15,13.17%,Bcl2;Cd44;Cd74;Pttg1ip,GO_Biological_Process_2023,Down,1.23510836985235
prerank,Apoptotic Nuclear Changes (GO:0030262),0.7780254455381754,1.234902742838614,0.2408026755852843,1.0,1.0,3/15,6.22%,Cecr2;Acvr1c;Dicer1,GO_Biological_Process_2023,Up,1.234902742838614
prerank,Negative Regulation Of Intrinsic Apoptotic Signaling Pathway In Response To DNA Damage (GO:1902230),-0.7660772179292772,-1.218826996985884,0.1991279069767442,1.0,1.0,5/24,14.53%,Bcl2;Cd44;Clu;Cd74;Sfrp2,GO_Biological_Process_2023,Down,1.218826996985884
prerank,Regulation Of Mitochondrial Outer Membrane Permeabilization Involved In Apoptotic Signaling Pathway (GO:1901028),-0.7645887432369176,-1.216086273363249,0.2443181818181818,1.0,1.0,1/16,2.82%,Hip1r,GO_Biological_Process_2023,Down,1.216086273363249
prerank,Negative Regulation Of Apoptotic Process (GO:0043066),-0.5621107636137626,-1.212911234929442,0.07369758576874205,1.0,1.0,84/434,11.51%,Mertk;Socs2;Erbb4;Sh3rf1;Pik3r1;Mag;Tyro3;Bcl2;Ngf;Sema3e;Rnf144b;Unc5b;Nckap1l;Hck;Hgf;Tnfaip8;Dab2;Erbb3;Igf1;Angpt1;Lgmn;Nrbp2;Cx3cr1;Nr4a2;Apoe;Fhl2;Lef1;Bmp4;Cd44;Prkcg;Prkaa2;Ntsr1;Prr5;Prkcd;Ctsh;Ndnf;Birc3;Fank1;Notch1;Egfr;Asah2;Prkch;Sh3rf2;Smad6;Cav1;Clu;Plk2;Tmbim1;Vegfa;Shh;Opn3;Nupr1;Prkca;Anxa4;Niban2;Pou3f3;Itgb1;Vip;Sox8;Mapk8;Mgmt;Sox9;Ltk;Wfs1;Prok2;Axl;Dhcr24;Grk5;Htatip2;Prlr;Ffar4;Gas6;Bag3;Zc3h12a;Bnip2;Il6st;Cryab;Anxa5;Cd38;Pik3ca;Ppargc1a;Ier3;Tbx3;Evi2b,GO_Biological_Process_2023,Down,1.212911234929442
prerank,Regulation Of Intrinsic Apoptotic Signaling Pathway (GO:2001242),-0.7092765480797243,-1.205941295251298,0.1951588502269289,1.0,1.0,10/44,14.74%,Septin4;Bcl2;Rtkn2;Cav1;Nupr1;Cyld;Plekhf1;Eif2ak3;Bid;Dapk2,GO_Biological_Process_2023,Down,1.205941295251298
prerank,Regulation Of Intrinsic Apoptotic Signaling Pathway In Response To DNA Damage (GO:1902229),-0.7729508125553096,-1.205828887407718,0.2703488372093023,1.0,1.0,3/15,7.76%,Nacc2;Clu;Fbh1,GO_Biological_Process_2023,Down,1.205828887407718
prerank,Pyroptosis (GO:0070269),-0.743397559920414,-1.177379113966831,0.2918454935622318,1.0,1.0,7/21,12.83%,Casp1;Casp8;Casp4;Nlrp3;Trem2;Ifi27;Trim21,GO_Biological_Process_2023,Down,1.177379113966831
prerank,Regulation Of Endothelial Cell Apoptotic Process (GO:2000351),0.6449222822525549,1.172927477406731,0.2793650793650794,1.0,1.0,5/39,3.47%,Sema5a;Tnip2;Itga4;Ano6;Pdcd4,GO_Biological_Process_2023,Up,1.172927477406731
prerank,Negative Regulation Of Oxidative Stress-Induced Cell Death (GO:1903202),-0.7419834491586271,-1.170824423285225,0.2850812407680945,1.0,1.0,4/21,7.21%,Gpr37l1;Lrrk2;Fbxo7;Nfe2l2,GO_Biological_Process_2023,Down,1.170824423285225
prerank,Pyroptosis R-HSA-5620971,-0.7373923670248927,-1.153507366319444,0.3049645390070922,1.0,1.0,5/20,11.85%,Casp1;Casp4;Irf2;Il1a;Il18,Reactome_2022,Down,1.153507366319444
prerank,Negative Regulation Of Programmed Cell Death (GO:0043069),-0.5406216220383314,-1.151088215824718,0.1579617834394904,1.0,1.0,63/353,11.51%,Socs2;Erbb4;Sh3rf1;Pik3r1;Bcl2;Rnf144b;Met;Nckap1l;Hck;Hgf;Tnfaip8;Dab2;Erbb3;Igf1;Angpt1;Laptm5;Fhl2;Lef1;Slc7a11;Bmp4;Cd44;Prkaa2;Ntsr1;Prr5;Ctsh;Birc3;Fank1;Egfr;Sh3rf2;Smad6;Plk2;Vegfa;Shh;Opn3;Nupr1;Anxa4;Niban2;Pou3f3;Vip;Sox8;Mapk8;Mgmt;Aifm2;Sox9;Ltk;Wfs1;Prok2;Axl;Dhcr24;Grk5;Htatip2;Prlr;Ffar4;Gas6;Bag3;Bnip2;Il6st;Cryab;Anxa5;Cd38;Ier3;Tbx3;Evi2b,GO_Biological_Process_2023,Down,1.151088215824718
prerank,NRIF Signals Cell Death From Nucleus R-HSA-205043,-0.7151572533925371,-1.133466321622433,0.340486409155937,1.0,1.0,2/16,8.40%,Ngf;Mapk8,Reactome_2022,Down,1.133466321622433
prerank,Negative Regulation Of Intrinsic Apoptotic Signaling Pathway (GO:2001243),-0.6464815653968473,-1.130460296614667,0.3287878787878788,1.0,1.0,9/58,14.53%,Bcl2;Rtkn2;Lrrk2;Clu;Nfe2l2;Ptpn1;Txndc12;Pttg1ip;Sfrp2,GO_Biological_Process_2023,Down,1.130460296614667
prerank,Positive Regulation Of Neuron Apoptotic Process (GO:0043525),0.6509040022226777,1.11401835670871,0.3546325878594249,1.0,1.0,3/23,3.93%,Epha7;Tgfb2;Cdk5r1,GO_Biological_Process_2023,Up,1.11401835670871
prerank,Negative Regulation Of Macroautophagy (GO:0016242),-0.6902546958023892,-1.110635216520169,0.3702064896755162,1.0,1.0,7/22,18.14%,Nrbp2;Lrrk2;Nupr1;Rubcn;Pik3ca;Usp36;Qsox1,GO_Biological_Process_2023,Down,1.110635216520169
prerank,Positive Regulation Of Extrinsic Apoptotic Signaling Pathway (GO:2001238),-0.6753579697041944,-1.10942881568565,0.3558823529411765,1.0,1.0,18/31,24.18%,Ret;Ltbr;Cav1;Wwox;Cyld;Bcl10;Tnfsf10;G0s2;Bid;Gper1;Ltb;Tlr6;Tnfsf12;Ripk1;Traf2;Sfrp1;Pmaip1;Tlr4,GO_Biological_Process_2023,Down,1.10942881568565
prerank,Positive Regulation Of Apoptotic Signaling Pathway (GO:2001235),-0.6333336378192671,-1.101004568635002,0.3579109062980031,1.0,1.0,20/57,16.92%,Septin4;Cradd;Ctss;Ctsh;Ltbr;Cav1;Wwox;Dab2ip;Nupr1;Cyld;Bcl10;Tnfsf10;G0s2;Plekhf1;Bid;Gper1;Ltb;Tlr6;Ctsl;Tnfsf12,GO_Biological_Process_2023,Down,1.101004568635002
prerank,Regulation Of Neuron Death (GO:1901214),0.571290861550599,1.079882378139972,0.3261538461538461,1.0,1.0,9/56,4.17%,Grin2b;Snca;Chrna7;Sorl1;Nsmf;Mef2c;Trim2;Faim2;Fyn,GO_Biological_Process_2023,Up,1.079882378139972
prerank,Positive Regulation Of Cell Death (GO:0010942),0.5986025384309077,1.050977259010685,0.4217877094972067,1.0,1.0,2/38,0.65%,Grin2b;Snca,GO_Biological_Process_2023,Up,1.050977259010685
prerank,Apoptotic Execution Phase R-HSA-75153,-0.6059956575329237,-1.036796064951273,0.4556962025316456,1.0,1.0,9/44,9.90%,Prkcq;Gsn;Satb1;Prkcd;Casp8;Gas2;Tjp2;Casp7;Mapt,Reactome_2022,Down,1.036796064951273
prerank,Caspase Activation Via Extrinsic Apoptotic Signaling Pathway R-HSA-5357769,0.5913940116318592,1.03441987038507,0.4451612903225807,1.0,1.0,3/23,2.10%,Dapk1;Dcc;Unc5a,Reactome_2022,Up,1.03441987038507
prerank,Apoptotic Cleavage Of Cellular Proteins R-HSA-111465,-0.6228625314189439,-1.029409380165696,0.4740634005763689,1.0,1.0,9/36,9.90%,Prkcq;Gsn;Satb1;Prkcd;Casp8;Gas2;Tjp2;Casp7;Mapt,Reactome_2022,Down,1.029409380165696
prerank,Chaperone Mediated Autophagy R-HSA-9613829,-0.6292044112088213,-1.004587548475771,0.5257731958762887,1.0,1.0,6/19,20.05%,Cftr;Ift88;Lamp2;Gfap;Pcnt;Plin3,Reactome_2022,Down,1.004587548475771
prerank,Regulation Of Cysteine-Type Endopeptidase Activity Involved In Apoptotic Process (GO:0043281),0.4861419061338142,0.9630247185325331,0.5191082802547771,1.0,1.0,3/74,0.65%,Epha7;Dapk1;Snca,GO_Biological_Process_2023,Up,0.9630247185325331
prerank,Positive Regulation Of Intrinsic Apoptotic Signaling Pathway (GO:2001244),-0.5587395910040079,-0.938226172650028,0.6055312954876274,1.0,1.0,5/36,7.76%,Septin4;Nacc2;Cav1;Nupr1;Fbh1,GO_Biological_Process_2023,Down,0.938226172650028
prerank,Apoptotic Process (GO:0006915),-0.452561516534872,-0.9136300506374571,0.6362397820163488,1.0,1.0,20/197,5.46%,Cit;Elmo1;Magi3;Sema6a;Efna5;Septin4;Bcl2;Hip1;Erbb3;Hk2;Mal;Tgfbr2;Rnf152;Plagl1;Arhgef6;Prkcd;Casp8;Bmf;App;Casp4,GO_Biological_Process_2023,Down,0.9136300506374571
prerank,Positive Regulation Of Autophagy (GO:0010508),0.4415427860024014,0.9058842927920047,0.6536144578313253,1.0,1.0,4/92,1.30%,Prkd1;Dapk1;Foxo1;Atf6,GO_Biological_Process_2023,Up,0.9058842927920047
prerank,Positive Regulation Of Apoptotic Process (GO:0043065),0.3797559549392255,0.8909251996181626,0.7755905511811023,1.0,1.0,26/243,4.96%,Epha7;Olfm1;Dapk1;Snca;Foxo1;Atf6;Bcl6;Tgfbr1;Jun;Tpd52l1;Rps6ka2;Neurod1;Btg1;Ano6;Bclaf1;Frzb;Kcnma1;Tgfb2;Hrk;Arhgef7;Prr7;Cdk5r1;Csrnp3;Gpld1;Acvr1c;Faf1,GO_Biological_Process_2023,Up,0.8909251996181626
prerank,Late Endosomal Microautophagy R-HSA-9615710,-0.5268918794064894,-0.8653333382151017,0.7071742313323572,1.0,1.0,2/29,8.60%,Cftr;Ift88,Reactome_2022,Down,0.8653333382151017
prerank,Regulation Of Oxidative Stress-Induced Intrinsic Apoptotic Signaling Pathway (GO:1902175),0.5242624642612714,0.8490185504900356,0.6964856230031949,1.0,1.0,1/17,1.80%,Sfpq,GO_Biological_Process_2023,Up,0.8490185504900356
prerank,Regulation Of Cell Death (GO:0010941),0.4648291452912066,0.8470092161707379,0.7117117117117117,1.0,1.0,2/49,1.67%,Snca;Chrna7,GO_Biological_Process_2023,Up,0.8470092161707379
prerank,Programmed Cell Death R-HSA-5357801,-0.4159668759073097,-0.8406967809220369,0.7753721244925575,1.0,1.0,30/188,12.56%,Prkcq;Septin4;Bcl2;Unc5b;Gsn;Casp1;Ywhaq;Satb1;Prkcd;Casp8;Bmf;Birc3;Casp4;E2f1;Gas2;Ppp3cc;Tjp2;Casp7;Mapk8;Irf2;Psmb8;Il1a;Oma1;Mapt;Tnfsf10;Il18;Uaca;Ticam1;Psma8;Pkn2,Reactome_2022,Down,0.8406967809220369
prerank,Negative Regulation Of Cell Death (GO:0060548),0.4348061671347966,0.8344682049096418,0.786144578313253,1.0,1.0,6/62,6.71%,Snca;Sorl1;Fyn;Xpnpep1;Gpnmb;Tmem109,GO_Biological_Process_2023,Up,0.8344682049096418
prerank,Positive Regulation Of Cysteine-Type Endopeptidase Activity Involved In Apoptotic Process (GO:0043280),0.3904710957156659,0.8319248899862566,0.8069620253164557,1.0,1.0,5/98,2.38%,Dapk1;Snca;Cntn1;St18;Smad3,GO_Biological_Process_2023,Up,0.8319248899862566
prerank,Regulation Of Apoptosis R-HSA-169911,-0.4707224131919495,-0.8207991243067313,0.7666666666666667,1.0,1.0,8/52,23.61%,Psmb8;Oma1;Psma8;Pkn2;Psme4;Psme2;Psma1;Sem1,Reactome_2022,Down,0.8207991243067313
prerank,Negative Regulation Of Epithelial Cell Apoptotic Process (GO:1904036),0.4532350849606442,0.8111724723968389,0.7402597402597403,1.0,1.0,3/35,3.30%,Sema5a;Tnip2;Neurod1,GO_Biological_Process_2023,Up,0.8111724723968389
prerank,Intrinsic Pathway For Apoptosis R-HSA-109606,-0.4622373373483618,-0.8003127700765464,0.7754491017964071,1.0,1.0,9/49,8.40%,Septin4;Bcl2;Ywhaq;Casp8;Bmf;E2f1;Ppp3cc;Casp7;Mapk8,Reactome_2022,Down,0.8003127700765464
prerank,Apoptosis R-HSA-109581,-0.4043267320051953,-0.7972647494009716,0.8567454798331016,1.0,1.0,24/161,12.56%,Prkcq;Septin4;Bcl2;Unc5b;Gsn;Ywhaq;Satb1;Prkcd;Casp8;Bmf;E2f1;Gas2;Ppp3cc;Tjp2;Casp7;Mapk8;Psmb8;Oma1;Mapt;Tnfsf10;Uaca;Ticam1;Psma8;Pkn2,Reactome_2022,Down,0.7972647494009716
prerank,Apoptotic Factor-Mediated Response R-HSA-111471,-0.5081362009154179,-0.7966937974331847,0.7717231222385862,1.0,1.0,3/19,11.96%,Septin4;Casp7;Uaca,Reactome_2022,Down,0.7966937974331847
prerank,Selective Autophagy R-HSA-9663891,-0.4106811411544066,-0.7224688332951736,0.8814814814814815,1.0,1.0,5/59,4.36%,Cftr;Mfn1;Prkab2;Epas1;Prkaa2,Reactome_2022,Down,0.7224688332951736
prerank,TP53 Regulates Transcription Of Cell Death Genes R-HSA-5633008,-0.4364833191742926,-0.7073668112958452,0.8813314037626628,1.0,1.0,3/32,3.54%,Ndrg1;Cradd;Casp1,Reactome_2022,Down,0.7073668112958452
prerank,Macroautophagy R-HSA-1632852,-0.3427436074288449,-0.6501967961962835,0.9759547383309759,1.0,1.0,5/110,4.36%,Cftr;Mfn1;Prkab2;Epas1;Prkaa2,Reactome_2022,Down,0.6501967961962835
prerank,Intrinsic Apoptotic Signaling Pathway By P53 Class Mediator (GO:0072332),0.3638163659540144,0.6186753046261296,0.9337349397590361,1.0,1.0,1/29,1.22%,Ppp1r13b,GO_Biological_Process_2023,Up,0.6186753046261296
prerank,Regulation Of Necroptotic Cell Death R-HSA-5675482,-0.3742580381067717,-0.6125108442167856,0.9290989660265879,1.0,1.0,8/27,23.94%,Casp8;Birc3;Tnfsf10;Flot1;Mlkl;Ripk1;Cflar;Flot2,Reactome_2022,Down,0.6125108442167856
prerank,Autophagy R-HSA-9612973,-0.3086331133500459,-0.5902878668006134,0.9972067039106145,1.0,1.0,5/124,4.36%,Cftr;Mfn1;Prkab2;Epas1;Prkaa2,Reactome_2022,Down,0.5902878668006134
prerank,Defective Pyroptosis R-HSA-9710421,0.2647290026616095,0.4480846309178364,0.9937304075235109,1.0,1.0,7/30,10.57%,Rbbp7;Suz12;Ezh2;H2bc4;H2az1;H2ac6;H2ax,Reactome_2022,Up,0.4480846309178364
